Level (in),Q (GPM)
nan,nan
-2.1,0
-2.09,0
-2.08,0
-2.07,0
-2.06,0
-2.05,0
-2.04,0
-2.03,0
-2.02,0
-2.01,0
-2,0
-1.99,0
-1.98,0
-1.97,0
-1.96,0
-1.95,0
-1.94,0
-1.93,0
-1.92,0
-1.91,0
-1.9,0
-1.89,0
-1.88,0
-1.87,0
-1.86,0
-1.85,0
-1.84,0
-1.83,0
-1.82,0
-1.81,0
-1.8,0
-1.79,0
-1.78,0
-1.77,0
-1.76,0
-1.75,0
-1.74,0
-1.73,0
-1.72,0
-1.71,0
-1.7,0
-1.69,0
-1.68,0
-1.67,0
-1.66,0
-1.65,0
-1.64,0
-1.63,0
-1.62,0
-1.61,0
-1.6,0
-1.59,0
-1.58,0
-1.57,0
-1.56,0
-1.55,0
-1.54,0
-1.53,0
-1.52,0
-1.51,0
-1.5,0
-1.49,0
-1.48,0
-1.47,0
-1.46,0
-1.45,0
-1.44,0
-1.43,0
-1.42,0
-1.41,0
-1.4,0
-1.39,0
-1.38,0
-1.37,0
-1.36,0
-1.35,0
-1.34,0
-1.33,0
-1.32,0
-1.31,0
-1.3,0
-1.29,0
-1.28,0
-1.27,0
-1.26,0
-1.25,0
-1.24,0
-1.23,0
-1.22,0
-1.21,0
-1.2,0
-1.19,0
-1.18,0
-1.17,0
-1.16,0
-1.15,0
-1.14,0
-1.13,0
-1.12,0
-1.11,0
-1.1,0
-1.09,0
-1.08,0
-1.07,0
-1.06,0
-1.05,0
-1.04,0
-1.03,0
-1.02,0
-1.01,0
-1,0
-0.99,0
-0.98,0
-0.97,0
-0.96,0
-0.95,0
-0.94,0
-0.93,0
-0.92,0
-0.91,0
-0.9,0
-0.89,0
-0.88,0
-0.87,0
-0.86,0
-0.85,0
-0.84,0
-0.83,0
-0.82,0
-0.81,0
-0.8,0
-0.79,0
-0.78,0
-0.77,0
-0.76,0
-0.75,0
-0.74,0
-0.73,0
-0.72,0
-0.71,0
-0.7,0
-0.69,0
-0.68,0
-0.67,0
-0.66,0
-0.65,0
-0.64,0
-0.63,0
-0.62,0
-0.61,0
-0.6,0
-0.59,0
-0.58,0
-0.57,0
-0.56,0
-0.55,0
-0.54,0
-0.53,0
-0.52,0
-0.51,0
-0.5,0
-0.49,0
-0.48,0
-0.47,0
-0.46,0
-0.45,0
-0.44,0
-0.43,0
-0.42,0
-0.41,0
-0.4,0
-0.39,0
-0.38,0
-0.37,0
-0.36,0
-0.35,0
-0.34,0
-0.33,0
-0.32,0
-0.31,0
-0.3,0
-0.29,0
-0.28,0
-0.27,0
-0.26,0
-0.25,0
-0.24,0
-0.23,0
-0.22,0
-0.21,0
-0.2,0
-0.19,0
-0.18,0
-0.17,0
-0.16,0
-0.15,0
-0.14,0
-0.13,0
-0.12,0
-0.11,0
-0.1,0
-0.09,0
-0.08,0
-0.07,0
-0.06,0
-0.05,0
-0.04,0
-0.03,0
-0.02,0
-0.01,0
0,0
0.01,0
0.02,0
0.03,0
0.04,0.001
0.05,0.001
0.06,0.002
0.07,0.003
0.08,0.004
0.09,0.005
0.1,0.007
0.11,0.009
0.12,0.011
0.13,0.014
0.14,0.016
0.15,0.02
0.16,0.023
0.17,0.027
0.18,0.031
0.19,0.035
0.2,0.04
0.21,0.045
0.22,0.051
0.23,0.057
0.24,0.063
0.25,0.07
0.26,0.078
0.27,0.085
0.28,0.093
0.29,0.102
0.3,0.111
0.31,0.12
0.32,0.13
0.33,0.141
0.34,0.152
0.35,0.163
0.36,0.175
0.37,0.187
0.38,0.2
0.39,0.214
0.4,0.228
0.41,0.242
0.42,0.257
0.43,0.273
0.44,0.289
0.45,0.306
0.46,0.323
0.47,0.341
0.48,0.359
0.49,0.378
0.5,0.398
0.51,0.418
0.52,0.439
0.53,0.46
0.54,0.482
0.55,0.505
0.56,0.528
0.57,0.552
0.58,0.576
0.59,0.601
0.6,0.627
0.61,0.654
0.62,0.681
0.63,0.709
0.64,0.737
0.65,0.766
0.66,0.796
0.67,0.827
0.68,0.858
0.69,0.89
0.7,0.922
0.71,0.955
0.72,0.989
0.73,1.024
0.74,1.06
0.75,1.096
0.76,1.133
0.77,1.17
0.78,1.209
0.79,1.248
0.8,1.288
0.81,1.328
0.82,1.37
0.83,1.412
0.84,1.455
0.85,1.498
0.86,1.543
0.87,1.588
0.88,1.634
0.89,1.681
0.9,1.729
0.91,1.777
0.92,1.826
0.93,1.876
0.94,1.927
0.95,1.979
0.96,2.031
0.97,2.084
0.98,2.139
0.99,2.194
1,2.306
1.01,2.364
1.02,2.422
1.03,2.481
1.04,2.541
1.05,2.602
1.06,2.664
1.07,2.727
1.08,2.79
1.09,2.855
1.1,2.92
1.11,2.986
1.12,3.053
1.13,3.121
1.14,3.19
1.15,3.26
1.16,3.331
1.17,3.402
1.18,3.475
1.19,3.548
1.2,3.623
1.21,3.698
1.22,3.774
1.23,3.851
1.24,3.93
1.25,4.009
1.26,4.089
1.27,4.17
1.28,4.252
1.29,4.334
1.3,4.418
1.31,4.503
1.32,4.589
1.33,4.676
1.34,4.763
1.35,4.852
1.36,4.942
1.37,5.032
1.38,5.124
1.39,5.217
1.4,5.31
1.41,5.405
1.42,5.501
1.43,5.597
1.44,5.695
1.45,5.794
1.46,5.893
1.47,5.994
1.48,6.096
1.49,6.199
1.5,6.302
1.51,6.407
1.52,6.513
1.53,6.62
1.54,6.728
1.55,6.837
1.56,6.947
1.57,7.059
1.58,7.171
1.59,7.284
1.6,7.398
1.61,7.514
1.62,7.63
1.63,7.748
1.64,7.866
1.65,7.986
1.66,8.107
1.67,8.229
1.68,8.352
1.69,8.476
1.7,8.601
1.71,8.728
1.72,8.855
1.73,8.983
1.74,9.113
1.75,9.244
1.76,9.376
1.77,9.509
1.78,9.643
1.79,9.778
1.8,9.914
1.81,10.052
1.82,10.191
1.83,10.33
1.84,10.471
1.85,10.613
1.86,10.757
1.87,10.901
1.88,11.046
1.89,11.193
1.9,11.341
1.91,11.49
1.92,11.64
1.93,11.792
1.94,11.944
1.95,12.098
1.96,12.253
1.97,12.409
1.98,12.566
1.99,12.725
2,12.884
2.01,13.045
2.02,13.207
2.03,13.37
2.04,13.535
2.05,13.701
2.06,13.867
2.07,14.036
2.08,14.205
2.09,14.375
2.1,14.547
2.11,14.72
2.12,14.894
2.13,15.07
2.14,15.246
2.15,15.424
2.16,15.603
2.17,15.784
2.18,15.965
2.19,16.148
2.2,16.332
2.21,16.518
2.22,16.704
2.23,16.892
2.24,17.082
2.25,17.272
2.26,17.464
2.27,17.657
2.28,17.851
2.29,18.046
2.3,18.243
2.31,18.441
2.32,18.641
2.33,18.841
2.34,19.043
2.35,19.246
2.36,19.451
2.37,19.657
2.38,19.864
2.39,20.072
2.4,20.282
2.41,20.493
2.42,20.705
2.43,20.919
2.44,21.134
2.45,21.35
2.46,21.568
2.47,21.787
2.48,22.007
2.49,22.229
2.5,22.452
2.51,22.676
2.52,22.902
2.53,23.129
2.54,23.357
2.55,23.587
2.56,23.818
2.57,24.05
2.58,24.284
2.59,24.519
2.6,24.755
2.61,24.993
2.62,25.232
2.63,25.473
2.64,25.715
2.65,25.958
2.66,26.203
2.67,26.449
2.68,26.696
2.69,26.945
2.7,27.195
2.71,27.447
2.72,27.7
2.73,27.954
2.74,28.21
2.75,28.467
2.76,28.726
2.77,28.986
2.78,29.247
2.79,29.51
2.8,29.774
2.81,30.039
2.82,30.307
2.83,30.575
2.84,30.845
2.85,31.116
2.86,31.389
2.87,31.663
2.88,31.938
2.89,32.216
2.9,32.494
2.91,32.774
2.92,33.055
2.93,33.338
2.94,33.622
2.95,33.908
2.96,34.195
2.97,34.483
2.98,34.773
2.99,35.065
3,35.358
3.01,35.652
3.02,35.948
3.03,36.245
3.04,36.544
3.05,36.845
3.06,37.146
3.07,37.45
3.08,37.754
3.09,38.06
3.1,38.368
3.11,38.677
3.12,38.988
3.13,39.3
3.14,39.614
3.15,39.929
3.16,40.246
3.17,40.564
3.18,40.883
3.19,41.205
3.2,41.527
3.21,41.851
3.22,42.177
3.23,42.504
3.24,42.833
3.25,43.163
3.26,43.495
3.27,43.828
3.28,44.163
3.29,44.499
3.3,44.837
3.31,45.177
3.32,45.518
3.33,45.86
3.34,46.204
3.35,46.55
3.36,46.897
3.37,47.246
3.38,47.596
3.39,47.948
3.4,48.301
3.41,48.656
3.42,49.012
3.43,49.37
3.44,49.73
3.45,50.091
3.46,50.454
3.47,50.818
3.48,51.184
3.49,51.551
3.5,51.92
3.51,52.291
3.52,52.663
3.53,53.037
3.54,53.412
3.55,53.789
3.56,54.168
3.57,54.548
3.58,54.93
3.59,55.313
3.6,55.698
3.61,56.084
3.62,56.472
3.63,56.862
3.64,57.254
3.65,57.646
3.66,58.041
3.67,58.437
3.68,58.835
3.69,59.234
3.7,59.635
3.71,60.038
3.72,60.442
3.73,60.848
3.74,61.256
3.75,61.665
3.76,62.076
3.77,62.488
3.78,62.903
3.79,63.318
3.8,63.736
3.81,64.155
3.82,64.575
3.83,64.998
3.84,65.422
3.85,65.847
3.86,66.275
3.87,66.704
3.88,67.134
3.89,67.566
3.9,68
3.91,68.436
3.92,68.873
3.93,69.312
3.94,69.753
3.95,70.195
3.96,70.639
3.97,71.085
3.98,71.532
3.99,71.981
4,72.432
4.01,72.884
4.02,73.339
4.03,73.794
4.04,74.252
4.05,74.711
4.06,75.172
4.07,75.635
4.08,76.099
4.09,76.565
4.1,77.033
4.11,77.502
4.12,77.973
4.13,78.446
4.14,78.921
4.15,79.397
4.16,79.875
4.17,80.355
4.18,80.836
4.19,81.319
4.2,81.804
4.21,82.291
4.22,82.779
4.23,83.269
4.24,83.761
4.25,84.255
4.26,84.75
4.27,85.247
4.28,85.746
4.29,86.246
4.3,86.749
4.31,87.253
4.32,87.759
4.33,88.266
4.34,88.775
4.35,89.287
4.36,89.799
4.37,90.314
4.38,90.83
4.39,91.349
4.4,91.868
4.41,92.39
4.42,92.914
4.43,93.439
4.44,93.966
4.45,94.495
4.46,95.025
4.47,95.558
4.48,96.092
4.49,96.628
4.5,97.165
4.51,97.705
4.52,98.246
4.53,98.789
4.54,99.334
4.55,99.881
4.56,100.429
4.57,100.98
4.58,101.532
4.59,102.086
4.6,102.641
4.61,103.199
4.62,103.758
4.63,104.319
4.64,104.882
4.65,105.447
4.66,106.014
4.67,106.582
4.68,107.152
4.69,107.725
4.7,108.298
4.71,108.874
4.72,109.452
4.73,110.031
4.74,110.612
4.75,111.196
4.76,111.78
4.77,112.367
4.78,112.956
4.79,113.546
4.8,114.139
4.81,114.733
4.82,115.329
4.83,115.927
4.84,116.526
4.85,117.128
4.86,117.731
4.87,118.337
4.88,118.944
4.89,119.553
4.9,120.164
4.91,120.777
4.92,121.391
4.93,122.008
4.94,122.626
4.95,123.246
4.96,123.868
4.97,124.493
4.98,125.118
4.99,125.746
5,126.376
5.01,127.007
5.02,127.641
5.03,128.276
5.04,128.913
5.05,129.553
5.06,130.194
5.07,130.837
5.08,131.481
5.09,132.128
5.1,132.777
5.11,133.427
5.12,134.08
5.13,134.734
5.14,135.39
5.15,136.049
5.16,136.709
5.17,137.371
5.18,138.035
5.19,138.701
5.2,139.368
5.21,140.038
5.22,140.71
5.23,141.383
5.24,142.059
5.25,142.736
5.26,143.416
5.27,144.097
5.28,144.78
5.29,145.465
5.3,146.152
5.31,146.842
5.32,147.533
5.33,148.226
5.34,148.92
5.35,149.617
5.36,150.316
5.37,151.017
5.38,151.72
5.39,152.424
5.4,153.131
5.41,153.84
5.42,154.55
5.43,155.263
5.44,155.977
5.45,156.694
5.46,157.412
5.47,158.133
5.48,158.855
5.49,159.579
5.5,160.306
5.51,161.034
5.52,161.764
5.53,162.497
5.54,163.231
5.55,163.967
5.56,164.705
5.57,165.446
5.58,166.188
5.59,166.932
5.6,167.678
5.61,168.427
5.62,169.177
5.63,169.929
5.64,170.683
5.65,171.44
5.66,172.198
5.67,172.958
5.68,173.72
5.69,174.485
5.7,175.251
5.71,176.019
5.72,176.789
5.73,177.562
5.74,178.336
5.75,179.113
5.76,179.891
5.77,180.671
5.78,181.454
5.79,182.238
5.8,183.025
5.81,183.813
5.82,184.604
5.83,185.397
5.84,186.191
5.85,186.988
5.86,187.787
5.87,188.588
5.88,189.39
5.89,190.195
5.9,191.002
5.91,191.811
5.92,192.622
5.93,193.435
5.94,194.251
5.95,195.068
5.96,195.887
5.97,196.708
5.98,197.532
5.99,198.357
6,199.185
6.01,200.014
6.02,200.846
6.03,201.68
6.04,202.516
6.05,203.353
6.06,204.193
6.07,205.035
6.08,205.88
6.09,206.726
6.1,207.574
6.11,208.424
6.12,209.277
6.13,210.131
6.14,210.988
6.15,211.847
6.16,212.708
6.17,213.57
6.18,214.435
6.19,215.303
6.2,216.172
6.21,217.043
6.22,217.916
6.23,218.792
6.24,219.67
6.25,220.549
6.26,221.431
6.27,222.315
6.28,223.201
6.29,224.089
6.3,224.98
6.31,225.872
6.32,226.767
6.33,227.663
6.34,228.562
6.35,229.463
6.36,230.366
6.37,231.271
6.38,232.179
6.39,233.088
6.4,234
6.41,234.913
6.42,235.829
6.43,236.747
6.44,237.667
6.45,238.589
6.46,239.514
6.47,240.44
6.48,241.369
6.49,242.3
6.5,243.233
6.51,244.168
6.52,245.105
6.53,246.045
6.54,246.986
6.55,247.93
6.56,248.876
6.57,249.824
6.58,250.775
6.59,251.727
6.6,252.682
6.61,253.638
6.62,254.597
6.63,255.558
6.64,256.522
6.65,257.487
6.66,258.455
6.67,259.425
6.68,260.397
6.69,261.371
6.7,262.347
6.71,263.326
6.72,264.306
6.73,265.289
6.74,266.274
6.75,267.262
6.76,268.251
6.77,269.243
6.78,270.237
6.79,271.233
6.8,272.231
6.81,273.232
6.82,274.234
6.83,275.239
6.84,276.246
6.85,277.256
6.86,278.267
6.87,279.281
6.88,280.297
6.89,281.315
6.9,282.335
6.91,283.358
6.92,284.383
6.93,285.41
6.94,286.439
6.95,287.47
6.96,288.504
6.97,289.54
6.98,290.578
6.99,291.618
7,292.661
7.01,293.706
7.02,294.753
7.03,295.802
7.04,296.854
7.05,297.908
7.06,298.964
7.07,300.022
7.08,301.082
7.09,302.145
7.1,303.21
7.11,304.278
7.12,305.347
7.13,306.419
7.14,307.493
7.15,308.569
7.16,309.648
7.17,310.728
7.18,311.812
7.19,312.897
7.2,313.984
7.21,315.074
7.22,316.166
7.23,317.261
7.24,318.357
7.25,319.456
7.26,320.557
7.27,321.661
7.28,322.767
7.29,323.875
7.3,324.985
7.31,326.098
7.32,327.212
7.33,328.33
7.34,329.449
7.35,330.571
7.36,331.695
7.37,332.821
7.38,333.95
7.39,335.081
7.4,336.214
7.41,337.349
7.42,338.487
7.43,339.627
7.44,340.769
7.45,341.914
7.46,343.061
7.47,344.21
7.48,345.362
7.49,346.516
7.5,347.672
7.51,348.831
7.52,349.991
7.53,351.155
7.54,352.32
7.55,353.488
7.56,354.658
7.57,355.83
7.58,357.005
7.59,358.182
7.6,359.361
7.61,360.543
7.62,361.727
7.63,362.914
7.64,364.102
7.65,365.293
7.66,366.487
7.67,367.682
7.68,368.881
7.69,370.081
7.7,371.284
7.71,372.489
7.72,373.696
7.73,374.906
7.74,376.118
7.75,377.332
7.76,378.549
7.77,379.768
7.78,380.99
7.79,382.214
7.8,383.44
7.81,384.669
7.82,385.9
7.83,387.133
7.84,388.369
7.85,389.607
7.86,390.847
7.87,392.09
7.88,393.335
7.89,394.582
7.9,395.832
7.91,397.084
7.92,398.339
7.93,399.596
7.94,400.855
7.95,402.117
7.96,403.381
7.97,404.648
7.98,405.917
7.99,407.188
8,408.462
8.01,409.738
8.02,411.016
8.03,412.297
8.04,413.58
8.05,414.866
8.06,416.154
8.07,417.444
8.08,418.737
8.09,420.032
8.1,421.33
8.11,422.63
8.12,423.932
8.13,425.237
8.14,426.544
8.15,427.854
8.16,429.166
8.17,430.48
8.18,431.797
8.19,433.116
8.2,434.438
8.21,435.762
8.22,437.089
8.23,438.418
8.24,439.749
8.25,441.083
8.26,442.419
8.27,443.758
8.28,445.099
8.29,446.442
8.3,447.788
8.31,449.136
8.32,450.487
8.33,451.84
8.34,453.196
8.35,454.554
8.36,455.915
8.37,457.278
8.38,458.643
8.39,460.011
8.4,461.381
8.41,462.754
8.42,464.129
8.43,465.507
8.44,466.887
8.45,468.269
8.46,469.654
8.47,471.042
8.48,472.432
8.49,473.824
8.5,475.219
8.51,476.616
8.52,478.016
8.53,479.418
8.54,480.823
8.55,482.23
8.56,483.64
8.57,485.052
8.58,486.466
8.59,487.883
8.6,489.303
8.61,490.725
8.62,492.149
8.63,493.576
8.64,495.006
8.65,496.438
8.66,497.872
8.67,499.309
8.68,500.748
8.69,502.19
8.7,503.634
8.71,505.081
8.72,506.53
8.73,507.982
8.74,509.436
8.75,510.893
8.76,512.353
8.77,513.814
8.78,515.279
8.79,516.745
8.8,518.215
8.81,519.686
8.82,521.161
8.83,522.637
8.84,524.117
8.85,525.599
8.86,527.083
8.87,528.57
8.88,530.059
8.89,531.551
8.9,533.045
8.91,534.542
8.92,536.042
8.93,537.544
8.94,539.048
8.95,540.555
8.96,542.065
8.97,543.577
8.98,545.091
8.99,546.608
9,548.128
9.01,549.65
9.02,551.175
9.03,552.702
9.04,554.232
9.05,555.764
9.06,557.299
9.07,558.836
9.08,560.376
9.09,561.919
9.1,563.464
9.11,565.011
9.12,566.561
9.13,568.114
9.14,569.669
9.15,571.227
9.16,572.787
9.17,574.35
9.18,575.915
9.19,577.483
9.2,579.054
9.21,580.627
9.22,582.203
9.23,583.781
9.24,585.362
9.25,586.945
9.26,588.531
9.27,590.119
9.28,591.71
9.29,593.304
9.3,594.9
9.31,596.499
9.32,598.1
9.33,599.704
9.34,601.311
9.35,602.92
9.36,604.531
9.37,606.146
9.38,607.762
9.39,609.382
9.4,611.004
9.41,612.628
9.42,614.256
9.43,615.885
9.44,617.518
9.45,619.153
9.46,620.79
9.47,622.43
9.48,624.073
9.49,625.718
9.5,627.366
9.51,629.017
9.52,630.67
9.53,632.326
9.54,633.984
9.55,635.645
9.56,637.309
9.57,638.975
9.58,640.643
9.59,642.315
9.6,643.989
9.61,645.666
9.62,647.345
9.63,649.027
9.64,650.711
9.65,652.398
9.66,654.088
9.67,655.78
9.68,657.475
9.69,659.173
9.7,660.873
9.71,662.576
9.72,664.281
9.73,665.989
9.74,667.7
9.75,669.413
9.76,671.129
9.77,672.848
9.78,674.569
9.79,676.293
9.8,678.02
9.81,679.749
9.82,681.481
9.83,683.215
9.84,684.953
9.85,686.692
9.86,688.435
9.87,690.18
9.88,691.928
9.89,693.678
9.9,695.431
9.91,697.187
9.92,698.945
9.93,700.706
9.94,702.47
9.95,704.236
9.96,706.005
9.97,707.777
9.98,709.551
9.99,711.328
10,713.108
10.01,714.89
10.02,716.675
10.03,718.463
10.04,720.253
10.05,722.046
10.06,723.842
10.07,725.64
10.08,727.441
10.09,729.245
10.1,731.051
10.11,732.86
10.12,734.672
10.13,736.487
10.14,738.304
10.15,740.123
10.16,741.946
10.17,743.771
10.18,745.599
10.19,747.43
10.2,749.263
10.21,751.099
10.22,752.938
10.23,754.779
10.24,756.623
10.25,758.47
10.26,760.319
10.27,762.171
10.28,764.026
10.29,765.884
10.3,767.744
10.31,769.607
10.32,771.473
10.33,773.341
10.34,775.213
10.35,777.086
10.36,778.963
10.37,780.842
10.38,782.724
10.39,784.609
10.4,786.496
10.41,788.387
10.42,790.279
10.43,792.175
10.44,794.073
10.45,795.974
10.46,797.878
10.47,799.785
10.48,801.694
10.49,803.606
10.5,805.521
10.51,807.438
10.52,809.358
10.53,811.281
10.54,813.207
10.55,815.135
10.56,817.066
10.57,819
10.58,820.937
10.59,822.876
10.6,824.818
10.61,826.763
10.62,828.711
10.63,830.661
10.64,832.614
10.65,834.57
10.66,836.529
10.67,838.49
10.68,840.454
10.69,842.421
10.7,844.391
10.71,846.363
10.72,848.339
10.73,850.317
10.74,852.297
10.75,854.281
10.76,856.267
10.77,858.256
10.78,860.248
10.79,862.242
10.8,864.24
10.81,866.24
10.82,868.243
10.83,870.248
10.84,872.257
10.85,874.268
10.86,876.282
10.87,878.299
10.88,880.318
10.89,882.34
10.9,884.365
10.91,886.393
10.92,888.424
10.93,890.458
10.94,892.494
10.95,894.533
10.96,896.575
10.97,898.619
10.98,900.667
10.99,902.717
11,904.77
11.01,906.826
11.02,908.884
11.03,910.946
11.04,913.01
11.05,915.077
11.06,917.147
11.07,919.22
11.08,921.295
11.09,923.373
11.1,925.454
11.11,927.538
11.12,929.625
11.13,931.715
11.14,933.807
11.15,935.902
11.16,938
11.17,940.101
11.18,942.204
11.19,944.311
11.2,946.42
11.21,948.532
11.22,950.647
11.23,952.765
11.24,954.885
11.25,957.009
11.26,959.135
11.27,961.264
11.28,963.396
11.29,965.531
11.3,967.668
11.31,969.808
11.32,971.952
11.33,974.098
11.34,976.247
11.35,978.398
11.36,980.553
11.37,982.71
11.38,984.871
11.39,987.034
11.4,989.2
11.41,991.369
11.42,993.54
11.43,995.715
11.44,997.892
11.45,1000.07
11.46,1002.26
11.47,1004.44
11.48,1006.63
11.49,1008.82
11.5,1011.02
11.51,1013.21
11.52,1015.41
11.53,1017.62
11.54,1019.82
11.55,1022.03
11.56,1024.24
11.57,1026.46
11.58,1028.68
11.59,1030.9
11.6,1033.12
11.61,1035.35
11.62,1037.57
11.63,1039.81
11.64,1042.04
11.65,1044.28
11.66,1046.52
11.67,1048.76
11.68,1051.01
11.69,1053.26
11.7,1055.51
11.71,1057.76
11.72,1060.02
11.73,1062.28
11.74,1064.55
11.75,1066.81
11.76,1069.08
11.77,1071.35
11.78,1073.63
11.79,1075.91
11.8,1078.19
11.81,1080.47
11.82,1082.76
11.83,1085.05
11.84,1087.34
11.85,1089.64
11.86,1091.93
11.87,1094.24
11.88,1096.54
11.89,1098.85
11.9,1101.16
11.91,1103.47
11.92,1105.79
11.93,1108.1
11.94,1110.43
11.95,1112.75
11.96,1115.08
11.97,1117.41
11.98,1119.74
11.99,1122.08
12,1124.42
12.01,1126.76
12.02,1129.1
12.03,1131.45
12.04,1133.8
12.05,1136.16
12.06,1138.51
12.07,1140.87
12.08,1143.24
12.09,1145.6
12.1,1147.97
12.11,1150.34
12.12,1152.71
12.13,1155.09
12.14,1157.47
12.15,1159.86
12.16,1162.24
12.17,1164.63
12.18,1167.02
12.19,1169.42
12.2,1171.82
12.21,1174.22
12.22,1176.62
12.23,1179.03
12.24,1181.44
12.25,1183.85
12.26,1186.26
12.27,1188.68
12.28,1191.1
12.29,1193.53
12.3,1195.96
12.31,1198.39
12.32,1200.82
12.33,1203.26
12.34,1205.69
12.35,1208.14
12.36,1210.58
12.37,1213.03
12.38,1215.48
12.39,1217.94
12.4,1220.39
12.41,1222.85
12.42,1225.31
12.43,1227.78
12.44,1230.25
12.45,1232.72
12.46,1235.2
12.47,1237.67
12.48,1240.16
12.49,1242.64
12.5,1245.13
12.51,1247.62
12.52,1250.11
12.53,1252.6
12.54,1255.1
12.55,1257.6
12.56,1260.11
12.57,1262.62
12.58,1265.13
12.59,1267.64
12.6,1270.16
12.61,1272.68
12.62,1275.2
12.63,1277.73
12.64,1280.25
12.65,1282.79
12.66,1285.32
12.67,1287.86
12.68,1290.4
12.69,1292.94
12.7,1295.49
12.71,1298.04
12.72,1300.59
12.73,1303.15
12.74,1305.71
12.75,1308.27
12.76,1310.83
12.77,1313.4
12.78,1315.97
12.79,1318.54
12.8,1321.12
12.81,1323.7
12.82,1326.28
12.83,1328.87
12.84,1331.46
12.85,1334.05
12.86,1336.65
12.87,1339.24
12.88,1341.84
12.89,1344.45
12.9,1347.06
12.91,1349.67
12.92,1352.28
12.93,1354.89
12.94,1357.51
12.95,1360.14
12.96,1362.76
12.97,1365.39
12.98,1368.02
12.99,1370.66
13,1373.29
13.01,1375.93
13.02,1378.58
13.03,1381.22
13.04,1383.87
13.05,1386.53
13.06,1389.18
13.07,1391.84
13.08,1394.5
13.09,1397.17
13.1,1399.83
13.11,1402.51
13.12,1405.18
13.13,1407.86
13.14,1410.54
13.15,1413.22
13.16,1415.91
13.17,1418.6
13.18,1421.29
13.19,1423.98
13.2,1426.68
13.21,1429.38
13.22,1432.09
13.23,1434.8
13.24,1437.51
13.25,1440.22
13.26,1442.94
13.27,1445.66
13.28,1448.38
13.29,1451.11
13.3,1453.83
13.31,1456.57
13.32,1459.3
13.33,1462.04
13.34,1464.78
13.35,1467.53
13.36,1470.27
13.37,1473.03
13.38,1475.78
13.39,1478.54
13.4,1481.3
13.41,1484.06
13.42,1486.83
13.43,1489.59
13.44,1492.37
13.45,1495.14
13.46,1497.92
13.47,1500.7
13.48,1503.49
13.49,1506.28
13.5,1509.07
13.51,1511.86
13.52,1514.66
13.53,1517.46
13.54,1520.26
13.55,1523.07
13.56,1525.88
13.57,1528.69
13.58,1531.51
13.59,1534.32
13.6,1537.15
13.61,1539.97
13.62,1542.8
13.63,1545.63
13.64,1548.47
13.65,1551.3
13.66,1554.14
13.67,1556.99
13.68,1559.83
13.69,1562.68
13.7,1565.54
13.71,1568.39
13.72,1571.25
13.73,1574.12
13.74,1576.98
13.75,1579.85
13.76,1582.72
13.77,1585.6
13.78,1588.48
13.79,1591.36
13.8,1594.24
13.81,1597.13
13.82,1600.02
13.83,1602.91
13.84,1605.81
13.85,1608.71
13.86,1611.61
13.87,1614.52
13.88,1617.43
13.89,1620.34
13.9,1623.26
13.91,1626.18
13.92,1629.1
13.93,1632.03
13.94,1634.95
13.95,1637.89
13.96,1640.82
13.97,1643.76
13.98,1646.7
13.99,1649.64
14,1652.59
14.01,1655.54
14.02,1658.49
14.03,1661.45
14.04,1664.41
14.05,1667.37
14.06,1670.34
14.07,1673.31
14.08,1676.28
14.09,1679.26
14.1,1682.24
14.11,1685.22
14.12,1688.21
14.13,1691.19
14.14,1694.19
14.15,1697.18
14.16,1700.18
14.17,1703.18
14.18,1706.18
14.19,1709.19
14.2,1712.2
14.21,1715.22
14.22,1718.23
14.23,1721.25
14.24,1724.28
14.25,1727.3
14.26,1730.33
14.27,1733.37
14.28,1736.4
14.29,1739.44
14.3,1742.48
14.31,1745.53
14.32,1748.58
14.33,1751.63
14.34,1754.69
14.35,1757.75
14.36,1760.81
14.37,1763.87
14.38,1766.94
14.39,1770.01
14.4,1773.09
14.41,1776.16
14.42,1779.24
14.43,1782.33
14.44,1785.42
14.45,1788.51
14.46,1791.6
14.47,1794.7
14.48,1797.8
14.49,1800.9
14.5,1804.01
14.51,1807.12
14.52,1810.23
14.53,1813.35
14.54,1816.47
14.55,1819.59
14.56,1822.72
14.57,1825.84
14.58,1828.98
14.59,1832.11
14.6,1835.25
14.61,1838.39
14.62,1841.54
14.63,1844.69
14.64,1847.84
14.65,1850.99
14.66,1854.15
14.67,1857.31
14.68,1860.48
14.69,1863.65
14.7,1866.82
14.71,1869.99
14.72,1873.17
14.73,1876.35
14.74,1879.53
14.75,1882.72
14.76,1885.91
14.77,1889.1
14.78,1892.3
14.79,1895.5
14.8,1898.71
14.81,1901.91
14.82,1905.12
14.83,1908.34
14.84,1911.55
14.85,1914.77
14.86,1917.99
14.87,1921.22
14.88,1924.45
14.89,1927.68
14.9,1930.92
14.91,1934.16
14.92,1937.4
14.93,1940.65
14.94,1943.9
14.95,1947.15
14.96,1950.4
14.97,1953.66
14.98,1956.92
14.99,1960.19
15,1963.46
15.01,1966.73
15.02,1970.01
15.03,1973.28
15.04,1976.57
15.05,1979.85
15.06,1983.14
15.07,1986.43
15.08,1989.72
15.09,1993.02
15.1,1996.32
15.11,1999.63
15.12,2002.94
15.13,2006.25
15.14,2009.56
15.15,2012.88
15.16,2016.2
15.17,2019.53
15.18,2022.85
15.19,2026.18
15.2,2029.52
15.21,2032.86
15.22,2036.2
15.23,2039.54
15.24,2042.89
15.25,2046.24
15.26,2049.59
15.27,2052.95
15.28,2056.31
15.29,2059.67
15.3,2063.04
15.31,2066.41
15.32,2069.79
15.33,2073.16
15.34,2076.54
15.35,2079.93
15.36,2083.31
15.37,2086.7
15.38,2090.1
15.39,2093.49
15.4,2096.89
15.41,2100.3
15.42,2103.7
15.43,2107.11
15.44,2110.53
15.45,2113.94
15.46,2117.36
15.47,2120.79
15.48,2124.21
15.49,2127.64
15.5,2131.08
15.51,2134.51
15.52,2137.95
15.53,2141.4
15.54,2144.84
15.55,2148.29
15.56,2151.75
15.57,2155.2
15.58,2158.66
15.59,2162.13
15.6,2165.59
15.61,2169.06
15.62,2172.54
15.63,2176.01
15.64,2179.49
15.65,2182.98
15.66,2186.46
15.67,2189.95
15.68,2193.45
15.69,2196.94
15.7,2200.44
15.71,2203.95
15.72,2207.45
15.73,2210.96
15.74,2214.48
15.75,2217.99
15.76,2221.51
15.77,2225.04
15.78,2228.56
15.79,2232.09
15.8,2235.63
15.81,2239.17
15.82,2242.71
15.83,2246.25
15.84,2249.8
15.85,2253.35
15.86,2256.9
15.87,2260.46
15.88,2264.02
15.89,2267.58
15.9,2271.15
15.91,2274.72
15.92,2278.29
15.93,2281.87
15.94,2285.45
15.95,2289.03
15.96,2292.62
15.97,2296.21
15.98,2299.81
15.99,2303.4
16,2307
16.01,2310.61
16.02,2314.22
16.03,2317.83
16.04,2321.44
16.05,2325.06
16.06,2328.68
16.07,2332.3
16.08,2335.93
16.09,2339.56
16.1,2343.2
16.11,2346.83
16.12,2350.48
16.13,2354.12
16.14,2357.77
16.15,2361.42
16.16,2365.08
16.17,2368.73
16.18,2372.4
16.19,2376.06
16.2,2379.73
16.21,2383.4
16.22,2387.08
16.23,2390.75
16.24,2394.44
16.25,2398.12
16.26,2401.81
16.27,2405.5
16.28,2409.2
16.29,2412.9
16.3,2416.6
16.31,2420.31
16.32,2424.02
16.33,2427.73
16.34,2431.44
16.35,2435.16
16.36,2438.89
16.37,2442.61
16.38,2446.34
16.39,2450.08
16.4,2453.81
16.41,2457.55
16.42,2461.3
16.43,2465.04
16.44,2468.79
16.45,2472.55
16.46,2476.3
16.47,2480.06
16.48,2483.83
16.49,2487.6
16.5,2491.37
16.51,2495.14
16.52,2498.92
16.53,2502.7
16.54,2506.48
16.55,2510.27
16.56,2514.06
16.57,2517.86
16.58,2521.66
16.59,2525.46
16.6,2529.26
16.61,2533.07
16.62,2536.88
16.63,2540.7
16.64,2544.52
16.65,2548.34
16.66,2552.17
16.67,2556
16.68,2559.83
16.69,2563.66
16.7,2567.5
16.71,2571.35
16.72,2575.19
16.73,2579.04
16.74,2582.9
16.75,2586.75
16.76,2590.61
16.77,2594.48
16.78,2598.34
16.79,2602.21
16.8,2606.09
16.81,2609.97
16.82,2613.85
16.83,2617.73
16.84,2621.62
16.85,2625.51
16.86,2629.41
16.87,2633.3
16.88,2637.21
16.89,2641.11
16.9,2645.02
16.91,2648.93
16.92,2652.85
16.93,2656.77
16.94,2660.69
16.95,2664.62
16.96,2668.54
16.97,2672.48
16.98,2676.41
16.99,2680.35
17,2684.3
17.01,2688.24
17.02,2692.2
17.03,2696.15
17.04,2700.11
17.05,2704.07
17.06,2708.03
17.07,2712
17.08,2715.97
17.09,2719.95
17.1,2723.92
17.11,2727.91
17.12,2731.89
17.13,2735.88
17.14,2739.87
17.15,2743.87
17.16,2747.87
17.17,2751.87
17.18,2755.88
17.19,2759.89
17.2,2763.9
17.21,2767.92
17.22,2771.94
17.23,2775.96
17.24,2779.99
17.25,2784.02
17.26,2788.05
17.27,2792.09
17.28,2796.13
17.29,2800.17
17.3,2804.22
17.31,2808.27
17.32,2812.33
17.33,2816.39
17.34,2820.45
17.35,2824.52
17.36,2828.59
17.37,2832.66
17.38,2836.74
17.39,2840.82
17.4,2844.9
17.41,2848.99
17.42,2853.08
17.43,2857.17
17.44,2861.27
17.45,2865.37
17.46,2869.47
17.47,2873.58
17.48,2877.69
17.49,2881.81
17.5,2885.93
17.51,2890.05
17.52,2894.17
17.53,2898.3
17.54,2902.44
17.55,2906.57
17.56,2910.71
17.57,2914.86
17.58,2919
17.59,2923.15
17.6,2927.31
17.61,2931.46
17.62,2935.63
17.63,2939.79
17.64,2943.96
17.65,2948.13
17.66,2952.31
17.67,2956.48
17.68,2960.67
17.69,2964.85
17.7,2969.04
17.71,2973.23
17.72,2977.43
17.73,2981.63
17.74,2985.83
17.75,2990.04
17.76,2994.25
17.77,2998.47
17.78,3002.69
17.79,3006.91
17.8,3011.13
17.81,3015.36
17.82,3019.59
17.83,3023.83
17.84,3028.07
17.85,3032.31
17.86,3036.56
17.87,3040.81
17.88,3045.06
17.89,3049.32
17.9,3053.58
17.91,3057.84
17.92,3062.11
17.93,3066.38
17.94,3070.66
17.95,3074.93
17.96,3079.22
17.97,3083.5
17.98,3087.79
17.99,3092.08
18,3096.38
18.01,3100.68
18.02,3104.98
18.03,3109.29
18.04,3113.6
18.05,3117.91
18.06,3122.23
18.07,3126.55
18.08,3130.88
18.09,3135.21
18.1,3139.54
18.11,3143.88
18.12,3148.22
18.13,3152.56
18.14,3156.9
18.15,3161.25
18.16,3165.61
18.17,3169.97
18.18,3174.33
18.19,3178.69
18.2,3183.06
18.21,3187.43
18.22,3191.81
18.23,3196.19
18.24,3200.57
18.25,3204.95
18.26,3209.34
18.27,3213.74
18.28,3218.13
18.29,3222.53
18.3,3226.94
18.31,3231.35
18.32,3235.76
18.33,3240.17
18.34,3244.59
18.35,3249.01
18.36,3253.44
18.37,3257.87
18.38,3262.3
18.39,3266.74
18.4,3271.18
18.41,3275.62
18.42,3280.07
18.43,3284.52
18.44,3288.98
18.45,3293.44
18.46,3297.9
18.47,3302.36
18.48,3306.83
18.49,3311.31
18.5,3315.78
18.51,3320.26
18.52,3324.75
18.53,3329.23
18.54,3333.72
18.55,3338.22
18.56,3342.72
18.57,3347.22
18.58,3351.73
18.59,3356.23
18.6,3360.75
18.61,3365.26
18.62,3369.78
18.63,3374.31
18.64,3378.84
18.65,3383.37
18.66,3387.9
18.67,3392.44
18.68,3396.98
18.69,3401.53
18.7,3406.08
18.71,3410.63
18.72,3415.19
18.73,3419.75
18.74,3424.31
18.75,3428.88
18.76,3433.45
18.77,3438.02
18.78,3442.6
18.79,3447.18
18.8,3451.77
18.81,3456.36
18.82,3460.95
18.83,3465.55
18.84,3470.15
18.85,3474.75
18.86,3479.36
18.87,3483.97
18.88,3488.59
18.89,3493.21
18.9,3497.83
18.91,3502.46
18.92,3507.09
18.93,3511.72
18.94,3516.36
18.95,3521
18.96,3525.64
18.97,3530.29
18.98,3534.94
18.99,3539.6
19,3544.26
19.01,3548.92
19.02,3553.59
19.03,3558.26
19.04,3562.93
19.05,3567.61
19.06,3572.29
19.07,3576.97
19.08,3581.66
19.09,3586.36
19.1,3591.05
19.11,3595.75
19.12,3600.45
19.13,3605.16
19.14,3609.87
19.15,3614.59
19.16,3619.31
19.17,3624.03
19.18,3628.75
19.19,3633.48
19.2,3638.21
19.21,3642.95
19.22,3647.69
19.23,3652.44
19.24,3657.18
19.25,3661.93
19.26,3666.69
19.27,3671.45
19.28,3676.21
19.29,3680.98
19.3,3685.75
19.31,3690.52
19.32,3695.3
19.33,3700.08
19.34,3704.86
19.35,3709.65
19.36,3714.45
19.37,3719.24
19.38,3724.04
19.39,3728.84
19.4,3733.65
19.41,3738.46
19.42,3743.28
19.43,3748.09
19.44,3752.92
19.45,3757.74
19.46,3762.57
19.47,3767.4
19.48,3772.24
19.49,3777.08
19.5,3781.93
19.51,3786.77
19.52,3791.63
19.53,3796.48
19.54,3801.34
19.55,3806.2
19.56,3811.07
19.57,3815.94
19.58,3820.81
19.59,3825.69
19.6,3830.57
19.61,3835.46
19.62,3840.35
19.63,3845.24
19.64,3850.14
19.65,3855.04
19.66,3859.94
19.67,3864.85
19.68,3869.76
19.69,3874.68
19.7,3879.6
19.71,3884.52
19.72,3889.44
19.73,3894.38
19.74,3899.31
19.75,3904.25
19.76,3909.19
19.77,3914.13
19.78,3919.08
19.79,3924.04
19.8,3928.99
19.81,3933.95
19.82,3938.92
19.83,3943.88
19.84,3948.85
19.85,3953.83
19.86,3958.81
19.87,3963.79
19.88,3968.78
19.89,3973.77
19.9,3978.76
19.91,3983.76
19.92,3988.76
19.93,3993.77
19.94,3998.78
19.95,4003.79
19.96,4008.81
19.97,4013.83
19.98,4018.85
19.99,4023.88
20,4028.91
20.01,4033.95
20.02,4038.99
20.03,4044.03
20.04,4049.08
20.05,4054.13
20.06,4059.18
20.07,4064.24
20.08,4069.3
20.09,4074.37
20.1,4079.44
20.11,4084.51
20.12,4089.59
20.13,4094.67
20.14,4099.75
20.15,4104.84
20.16,4109.93
20.17,4115.03
20.18,4120.13
20.19,4125.23
20.2,4130.34
20.21,4135.45
20.22,4140.57
20.23,4145.68
20.24,4150.81
20.25,4155.93
20.26,4161.06
20.27,4166.2
20.28,4171.33
20.29,4176.48
20.3,4181.62
20.31,4186.77
20.32,4191.92
20.33,4197.08
20.34,4202.24
20.35,4207.41
20.36,4212.57
20.37,4217.75
20.38,4222.92
20.39,4228.1
20.4,4233.28
20.41,4238.47
20.42,4243.66
20.43,4248.86
20.44,4254.06
20.45,4259.26
20.46,4264.46
20.47,4269.67
20.48,4274.89
20.49,4280.11
20.5,4285.33
20.51,4290.55
20.52,4295.78
20.53,4301.02
20.54,4306.25
20.55,4311.49
20.56,4316.74
20.57,4321.99
20.58,4327.24
20.59,4332.49
20.6,4337.75
20.61,4343.02
20.62,4348.28
20.63,4353.56
20.64,4358.83
20.65,4364.11
20.66,4369.39
20.67,4374.68
20.68,4379.97
20.69,4385.26
20.7,4390.56
20.71,4395.86
20.72,4401.17
20.73,4406.48
20.74,4411.79
20.75,4417.11
20.76,4422.43
20.77,4427.76
20.78,4433.09
20.79,4438.42
20.8,4443.75
20.81,4449.1
20.82,4454.44
20.83,4459.79
20.84,4465.14
20.85,4470.5
20.86,4475.86
20.87,4481.22
20.88,4486.59
20.89,4491.96
20.9,4497.33
20.91,4502.71
20.92,4508.09
20.93,4513.48
20.94,4518.87
20.95,4524.27
20.96,4529.66
20.97,4535.07
20.98,4540.47
20.99,4545.88
21,4551.3
21.01,4556.71
21.02,4562.13
21.03,4567.56
21.04,4572.99
21.05,4578.42
21.06,4583.86
21.07,4589.3
21.08,4594.74
21.09,4600.19
21.1,4605.65
21.11,4611.1
21.12,4616.56
21.13,4622.03
21.14,4627.49
21.15,4632.97
21.16,4638.44
21.17,4643.92
21.18,4649.4
21.19,4654.89
21.2,4660.38
21.21,4665.88
21.22,4671.38
21.23,4676.88
21.24,4682.39
21.25,4687.9
21.26,4693.41
21.27,4698.93
21.28,4704.45
21.29,4709.98
21.3,4715.51
21.31,4721.04
21.32,4726.58
21.33,4732.12
21.34,4737.67
21.35,4743.22
21.36,4748.77
21.37,4754.33
21.38,4759.89
21.39,4765.45
21.4,4771.02
21.41,4776.6
21.42,4782.17
21.43,4787.75
21.44,4793.34
21.45,4798.93
21.46,4804.52
21.47,4810.12
21.48,4815.72
21.49,4821.32
21.5,4826.93
21.51,4832.54
21.52,4838.16
21.53,4843.78
21.54,4849.4
21.55,4855.03
21.56,4860.66
21.57,4866.3
21.58,4871.94
21.59,4877.58
21.6,4883.23
21.61,4888.88
21.62,4894.53
21.63,4900.19
21.64,4905.85
21.65,4911.52
21.66,4917.19
21.67,4922.87
21.68,4928.55
21.69,4934.23
21.7,4939.91
21.71,4945.61
21.72,4951.3
21.73,4957
21.74,4962.7
21.75,4968.41
21.76,4974.12
21.77,4979.83
21.78,4985.55
21.79,4991.27
21.8,4997
21.81,5002.73
21.82,5008.46
21.83,5014.2
21.84,5019.94
21.85,5025.69
21.86,5031.43
21.87,5037.19
21.88,5042.95
21.89,5048.71
21.9,5054.47
21.91,5060.24
21.92,5066.02
21.93,5071.79
21.94,5077.57
21.95,5083.36
21.96,5089.15
21.97,5094.94
21.98,5100.74
21.99,5106.54
22,5112.34
22.01,5118.15
22.02,5123.96
22.03,5129.78
22.04,5135.6
22.05,5141.43
22.06,5147.26
22.07,5153.09
22.08,5158.92
22.09,5164.77
22.1,5170.61
22.11,5176.46
22.12,5182.31
22.13,5188.17
22.14,5194.03
22.15,5199.89
22.16,5205.76
22.17,5211.63
22.18,5217.51
22.19,5223.39
22.2,5229.27
22.21,5235.16
22.22,5241.05
22.23,5246.95
22.24,5252.85
22.25,5258.75
22.26,5264.66
22.27,5270.57
22.28,5276.49
22.29,5282.41
22.3,5288.33
22.31,5294.26
22.32,5300.19
22.33,5306.13
22.34,5312.07
22.35,5318.01
22.36,5323.96
22.37,5329.91
22.38,5335.87
22.39,5341.83
22.4,5347.79
22.41,5353.76
22.42,5359.73
22.43,5365.71
22.44,5371.69
22.45,5377.67
22.46,5383.66
22.47,5389.65
22.48,5395.65
22.49,5401.65
22.5,5407.65
22.51,5413.66
22.52,5419.67
22.53,5425.69
22.54,5431.71
22.55,5437.73
22.56,5443.76
22.57,5449.79
22.58,5455.83
22.59,5461.87
22.6,5467.91
22.61,5473.96
22.62,5480.01
22.63,5486.07
22.64,5492.13
22.65,5498.19
22.66,5504.26
22.67,5510.33
22.68,5516.41
22.69,5522.49
22.7,5528.57
22.71,5534.66
22.72,5540.75
22.73,5546.85
22.74,5552.95
22.75,5559.05
22.76,5565.16
22.77,5571.27
22.78,5577.39
22.79,5583.51
22.8,5589.63
22.81,5595.76
22.82,5601.89
22.83,5608.03
22.84,5614.17
22.85,5620.31
22.86,5626.46
22.87,5632.61
22.88,5638.77
22.89,5644.93
22.9,5651.1
22.91,5657.26
22.92,5663.44
22.93,5669.61
22.94,5675.79
22.95,5681.98
22.96,5688.17
22.97,5694.36
22.98,5700.56
22.99,5706.76
23,5712.96
23.01,5719.17
23.02,5725.39
23.03,5731.6
23.04,5737.82
23.05,5744.05
23.06,5750.28
23.07,5756.51
23.08,5762.75
23.09,5768.99
23.1,5775.24
23.11,5781.49
23.12,5787.74
23.13,5794
23.14,5800.26
23.15,5806.52
23.16,5812.79
23.17,5819.07
23.18,5825.35
23.19,5831.63
23.2,5837.91
23.21,5844.21
23.22,5850.5
23.23,5856.8
23.24,5863.1
23.25,5869.41
23.26,5875.72
23.27,5882.03
23.28,5888.35
23.29,5894.67
23.3,5901
23.31,5907.33
23.32,5913.67
23.33,5920
23.34,5926.35
23.35,5932.69
23.36,5939.05
23.37,5945.4
23.38,5951.76
23.39,5958.12
23.4,5964.49
23.41,5970.86
23.42,5977.24
23.43,5983.62
23.44,5990
23.45,5996.39
23.46,6002.78
23.47,6009.18
23.48,6015.58
23.49,6021.98
23.5,6028.39
23.51,6034.8
23.52,6041.22
23.53,6047.64
23.54,6054.07
23.55,6060.5
23.56,6066.93
23.57,6073.37
23.58,6079.81
23.59,6086.25
23.6,6092.7
23.61,6099.15
23.62,6105.61
23.63,6112.07
23.64,6118.54
23.65,6125.01
23.66,6131.48
23.67,6137.96
23.68,6144.44
23.69,6150.93
23.7,6157.42
23.71,6163.91
23.72,6170.41
23.73,6176.92
23.74,6183.42
23.75,6189.93
23.76,6196.45
23.77,6202.97
23.78,6209.49
23.79,6216.02
23.8,6222.55
23.81,6229.09
23.82,6235.63
23.83,6242.17
23.84,6248.72
23.85,6255.27
23.86,6261.83
23.87,6268.39
23.88,6274.95
23.89,6281.52
23.9,6288.09
23.91,6294.67
23.92,6301.25
23.93,6307.83
23.94,6314.42
23.95,6321.02
23.96,6327.61
23.97,6334.22
23.98,6340.82
23.99,6347.43
24,6354.05
24.01,6360.66
24.02,6367.29
24.03,6373.91
24.04,6380.54
24.05,6387.18
24.06,6393.82
24.07,6400.46
24.08,6407.11
24.09,6413.76
24.1,6420.41
24.11,6427.07
24.12,6433.74
24.13,6440.4
24.14,6447.08
24.15,6453.75
24.16,6460.43
24.17,6467.12
24.18,6473.8
24.19,6480.5
24.2,6487.19
24.21,6493.89
24.22,6500.6
24.23,6507.31
24.24,6514.02
24.25,6520.74
24.26,6527.46
24.27,6534.19
24.28,6540.92
24.29,6547.65
24.3,6554.39
24.31,6561.13
24.32,6567.88
24.33,6574.63
24.34,6581.39
24.35,6588.14
24.36,6594.91
24.37,6601.68
24.38,6608.45
24.39,6615.22
24.4,6622
24.41,6628.79
24.42,6635.58
24.43,6642.37
24.44,6649.16
24.45,6655.97
24.46,6662.77
24.47,6669.58
24.48,6676.39
24.49,6683.21
24.5,6690.03
24.51,6696.86
24.52,6703.69
24.53,6710.52
24.54,6717.36
24.55,6724.2
24.56,6731.05
24.57,6737.9
24.58,6744.76
24.59,6751.62
24.6,6758.48
24.61,6765.35
24.62,6772.22
24.63,6779.09
24.64,6785.97
24.65,6792.86
24.66,6799.75
24.67,6806.64
24.68,6813.54
24.69,6820.44
24.7,6827.34
24.71,6834.25
24.72,6841.17
24.73,6848.09
24.74,6855.01
24.75,6861.93
24.76,6868.86
24.77,6875.8
24.78,6882.74
24.79,6889.68
24.8,6896.63
24.81,6903.58
24.82,6910.54
24.83,6917.5
24.84,6924.46
24.85,6931.43
24.86,6938.4
24.87,6945.38
24.88,6952.36
24.89,6959.34
24.9,6966.33
24.91,6973.33
24.92,6980.32
24.93,6987.33
24.94,6994.33
24.95,7001.34
24.96,7008.36
24.97,7015.38
24.98,7022.4
24.99,7029.43
25,7036.46
25.01,7043.49
25.02,7050.53
25.03,7057.58
25.04,7064.63
25.05,7071.68
25.06,7078.74
25.07,7085.8
25.08,7092.86
25.09,7099.93
25.1,7107.01
25.11,7114.08
25.12,7121.17
25.13,7128.25
25.14,7135.34
25.15,7142.44
25.16,7149.54
25.17,7156.64
25.18,7163.75
25.19,7170.86
25.2,7177.98
25.21,7185.1
25.22,7192.22
25.23,7199.35
25.24,7206.48
25.25,7213.62
25.26,7220.76
25.27,7227.91
25.28,7235.06
25.29,7242.21
25.3,7249.37
25.31,7256.53
25.32,7263.7
25.33,7270.87
25.34,7278.05
25.35,7285.23
25.36,7292.41
25.37,7299.6
25.38,7306.79
25.39,7313.99
25.4,7321.19
25.41,7328.39
25.42,7335.6
25.43,7342.82
25.44,7350.03
25.45,7357.26
25.46,7364.48
25.47,7371.71
25.48,7378.95
25.49,7386.19
25.5,7393.43
25.51,7400.68
25.52,7407.93
25.53,7415.19
25.54,7422.45
25.55,7429.71
25.56,7436.98
25.57,7444.26
25.58,7451.53
25.59,7458.81
25.6,7466.1
25.61,7473.39
25.62,7480.69
25.63,7487.98
25.64,7495.29
25.65,7502.6
25.66,7509.91
25.67,7517.22
25.68,7524.54
25.69,7531.87
25.7,7539.2
25.71,7546.53
25.72,7553.87
25.73,7561.21
25.74,7568.56
25.75,7575.91
25.76,7583.26
25.77,7590.62
25.78,7597.98
25.79,7605.35
25.8,7612.72
25.81,7620.1
25.82,7627.48
25.83,7634.86
25.84,7642.25
25.85,7649.64
25.86,7657.04
25.87,7664.44
25.88,7671.85
25.89,7679.26
25.9,7686.67
25.91,7694.09
25.92,7701.52
25.93,7708.94
25.94,7716.37
25.95,7723.81
25.96,7731.25
25.97,7738.7
25.98,7746.14
25.99,7753.6
26,7761.06
26.01,7768.52
26.02,7775.98
26.03,7783.45
26.04,7790.93
26.05,7798.41
26.06,7805.89
26.07,7813.38
26.08,7820.87
26.09,7828.37
26.1,7835.87
26.11,7843.37
26.12,7850.88
26.13,7858.4
26.14,7865.91
26.15,7873.44
26.16,7880.96
26.17,7888.49
26.18,7896.03
26.19,7903.57
26.2,7911.11
26.21,7918.66
26.22,7926.21
26.23,7933.77
26.24,7941.33
26.25,7948.89
26.26,7956.46
26.27,7964.04
26.28,7971.62
26.29,7979.2
26.3,7986.79
26.31,7994.38
26.32,8001.97
26.33,8009.57
26.34,8017.18
26.35,8024.79
26.36,8032.4
26.37,8040.02
26.38,8047.64
26.39,8055.26
26.4,8062.89
26.41,8070.53
26.42,8078.17
26.43,8085.81
26.44,8093.46
26.45,8101.11
26.46,8108.77
26.47,8116.43
26.48,8124.09
26.49,8131.76
26.5,8139.43
26.51,8147.11
26.52,8154.79
26.53,8162.48
26.54,8170.17
26.55,8177.87
26.56,8185.57
26.57,8193.27
26.58,8200.98
26.59,8208.69
26.6,8216.41
26.61,8224.13
26.62,8231.86
26.63,8239.59
26.64,8247.32
26.65,8255.06
26.66,8262.8
26.67,8270.55
26.68,8278.3
26.69,8286.06
26.7,8293.82
26.71,8301.59
26.72,8309.35
26.73,8317.13
26.74,8324.91
26.75,8332.69
26.76,8340.48
26.77,8348.27
26.78,8356.06
26.79,8363.86
26.8,8371.67
26.81,8379.48
26.82,8387.29
26.83,8395.11
26.84,8402.93
26.85,8410.75
26.86,8418.58
26.87,8426.42
26.88,8434.26
26.89,8442.1
26.9,8449.95
26.91,8457.8
26.92,8465.66
26.93,8473.52
26.94,8481.39
26.95,8489.26
26.96,8497.13
26.97,8505.01
26.98,8512.89
26.99,8520.78
27,8528.67
27.01,8536.57
27.02,8544.47
27.03,8552.37
27.04,8560.28
27.05,8568.2
27.06,8576.11
27.07,8584.04
27.08,8591.96
27.09,8599.89
27.1,8607.83
27.11,8615.77
27.12,8623.71
27.13,8631.66
27.14,8639.62
27.15,8647.57
27.16,8655.54
27.17,8663.5
27.18,8671.47
27.19,8679.45
27.2,8687.43
27.21,8695.41
27.22,8703.4
27.23,8711.39
27.24,8719.39
27.25,8727.39
27.26,8735.4
27.27,8743.41
27.28,8751.42
27.29,8759.44
27.3,8767.47
27.31,8775.5
27.32,8783.53
27.33,8791.56
27.34,8799.61
27.35,8807.65
27.36,8815.7
27.37,8823.76
27.38,8831.82
27.39,8839.88
27.4,8847.95
27.41,8856.02
27.42,8864.1
27.43,8872.18
27.44,8880.26
27.45,8888.35
27.46,8896.45
27.47,8904.54
27.48,8912.65
27.49,8920.76
27.5,8928.87
27.51,8936.98
27.52,8945.1
27.53,8953.23
27.54,8961.36
27.55,8969.49
27.56,8977.63
27.57,8985.78
27.58,8993.92
27.59,9002.07
27.6,9010.23
27.61,9018.39
27.62,9026.56
27.63,9034.73
27.64,9042.9
27.65,9051.08
27.66,9059.26
27.67,9067.45
27.68,9075.64
27.69,9083.84
27.7,9092.04
27.71,9100.24
27.72,9108.45
27.73,9116.67
27.74,9124.88
27.75,9133.11
27.76,9141.33
27.77,9149.57
27.78,9157.8
27.79,9166.04
27.8,9174.29
27.81,9182.54
27.82,9190.79
27.83,9199.05
27.84,9207.31
27.85,9215.58
27.86,9223.85
27.87,9232.13
27.88,9240.41
27.89,9248.69
27.9,9256.98
27.91,9265.28
27.92,9273.58
27.93,9281.88
27.94,9290.19
27.95,9298.5
27.96,9306.81
27.97,9315.14
27.98,9323.46
27.99,9331.79
28,9340.12
28.01,9348.46
28.02,9356.81
28.03,9365.15
28.04,9373.51
28.05,9381.86
28.06,9390.22
28.07,9398.59
28.08,9406.96
28.09,9415.33
28.1,9423.71
28.11,9432.1
28.12,9440.48
28.13,9448.88
28.14,9457.27
28.15,9465.67
28.16,9474.08
28.17,9482.49
28.18,9490.9
28.19,9499.32
28.2,9507.75
28.21,9516.18
28.22,9524.61
28.23,9533.04
28.24,9541.49
28.25,9549.93
28.26,9558.38
28.27,9566.84
28.28,9575.3
28.29,9583.76
28.3,9592.23
28.31,9600.7
28.32,9609.18
28.33,9617.66
28.34,9626.15
28.35,9634.64
28.36,9643.13
28.37,9651.63
28.38,9660.14
28.39,9668.65
28.4,9677.16
28.41,9685.68
28.42,9694.2
28.43,9702.73
28.44,9711.26
28.45,9719.8
28.46,9728.34
28.47,9736.88
28.48,9745.43
28.49,9753.98
28.5,9762.54
28.51,9771.11
28.52,9779.67
28.53,9788.24
28.54,9796.82
28.55,9805.4
28.56,9813.99
28.57,9822.58
28.58,9831.17
28.59,9839.77
28.6,9848.37
28.61,9856.98
28.62,9865.59
28.63,9874.21
28.64,9882.83
28.65,9891.46
28.66,9900.09
28.67,9908.72
28.68,9917.36
28.69,9926.01
28.7,9934.66
28.71,9943.31
28.72,9951.97
28.73,9960.63
28.74,9969.3
28.75,9977.97
28.76,9986.64
28.77,9995.32
28.78,10004
28.79,10012.7
28.8,10021.4
28.81,10030.1
28.82,10038.8
28.83,10047.5
28.84,10056.2
28.85,10064.9
28.86,10073.7
28.87,10082.4
28.88,10091.1
28.89,10099.8
28.9,10108.6
28.91,10117.3
28.92,10126.1
28.93,10134.8
28.94,10143.6
28.95,10152.3
28.96,10161.1
28.97,10169.9
28.98,10178.7
28.99,10187.4
29,10196.2
29.01,10205
29.02,10213.8
29.03,10222.6
29.04,10231.4
29.05,10240.2
29.06,10249
29.07,10257.8
29.08,10266.7
29.09,10275.5
29.1,10284.3
29.11,10293.2
29.12,10302
29.13,10310.8
29.14,10319.7
29.15,10328.5
29.16,10337.4
29.17,10346.3
29.18,10355.1
29.19,10364
29.2,10372.9
29.21,10381.7
29.22,10390.6
29.23,10399.5
29.24,10408.4
29.25,10417.3
29.26,10426.2
29.27,10435.1
29.28,10444
29.29,10453
29.3,10461.9
29.31,10470.8
29.32,10479.7
29.33,10488.7
29.34,10497.6
29.35,10506.5
29.36,10515.5
29.37,10524.4
29.38,10533.4
29.39,10542.4
29.4,10551.3
29.41,10560.3
29.42,10569.3
29.43,10578.3
29.44,10587.2
29.45,10596.2
29.46,10605.2
29.47,10614.2
29.48,10623.2
29.49,10632.2
29.5,10641.3
29.51,10650.3
29.52,10659.3
29.53,10668.3
29.54,10677.4
29.55,10686.4
29.56,10695.4
29.57,10704.5
29.58,10713.5
29.59,10722.6
29.6,10731.6
29.61,10740.7
29.62,10749.8
29.63,10758.8
29.64,10767.9
29.65,10777
29.66,10786.1
29.67,10795.2
29.68,10804.3
29.69,10813.4
29.7,10822.5
29.71,10831.6
29.72,10840.7
29.73,10849.8
29.74,10858.9
29.75,10868.1
29.76,10877.2
29.77,10886.3
29.78,10895.5
29.79,10904.6
29.8,10913.8
29.81,10922.9
29.82,10932.1
29.83,10941.3
29.84,10950.4
29.85,10959.6
29.86,10968.8
29.87,10978
29.88,10987.1
29.89,10996.3
29.9,11005.5
29.91,11014.7
29.92,11023.9
29.93,11033.1
29.94,11042.4
29.95,11051.6
29.96,11060.8
29.97,11070
29.98,11079.3
29.99,11088.5
30,11097.7
30.01,11107
30.02,11116.2
30.03,11125.5
30.04,11134.8
30.05,11144
30.06,11153.3
30.07,11162.6
30.08,11171.9
30.09,11181.1
30.1,11190.4
30.11,11199.7
30.12,11209
30.13,11218.3
30.14,11227.6
30.15,11236.9
30.16,11246.3
30.17,11255.6
30.18,11264.9
30.19,11274.2
30.2,11283.6
30.21,11292.9
30.22,11302.3
30.23,11311.6
30.24,11321
30.25,11330.3
30.26,11339.7
30.27,11349.1
30.28,11358.4
30.29,11367.8
30.3,11377.2
30.31,11386.6
30.32,11396
30.33,11405.4
30.34,11414.8
30.35,11424.2
30.36,11433.6
30.37,11443
30.38,11452.4
30.39,11461.8
30.4,11471.3
30.41,11480.7
30.42,11490.1
30.43,11499.6
30.44,11509
30.45,11518.5
30.46,11527.9
30.47,11537.4
30.48,11546.8
30.49,11556.3
30.5,11565.8
30.51,11575.3
30.52,11584.8
30.53,11594.2
30.54,11603.7
30.55,11613.2
30.56,11622.7
30.57,11632.2
30.58,11641.8
30.59,11651.3
30.6,11660.8
30.61,11670.3
30.62,11679.9
30.63,11689.4
30.64,11698.9
30.65,11708.5
30.66,11718
30.67,11727.6
30.68,11737.1
30.69,11746.7
30.7,11756.3
30.71,11765.8
30.72,11775.4
30.73,11785
30.74,11794.6
30.75,11804.2
30.76,11813.8
30.77,11823.4
30.78,11833
30.79,11842.6
30.8,11852.2
30.81,11861.8
30.82,11871.4
30.83,11881.1
30.84,11890.7
30.85,11900.3
30.86,11910
30.87,11919.6
30.88,11929.3
30.89,11938.9
30.9,11948.6
30.91,11958.3
30.92,11967.9
30.93,11977.6
30.94,11987.3
30.95,11997
30.96,12006.7
30.97,12016.4
30.98,12026.1
30.99,12035.8
31,12045.5
31.01,12055.2
31.02,12064.9
31.03,12074.6
31.04,12084.4
31.05,12094.1
31.06,12103.8
31.07,12113.6
31.08,12123.3
31.09,12133.1
31.1,12142.8
31.11,12152.6
31.12,12162.4
31.13,12172.1
31.14,12181.9
31.15,12191.7
31.16,12201.5
31.17,12211.3
31.18,12221
31.19,12230.8
31.2,12240.6
31.21,12250.5
31.22,12260.3
31.23,12270.1
31.24,12279.9
31.25,12289.7
31.26,12299.6
31.27,12309.4
31.28,12319.2
31.29,12329.1
31.3,12338.9
31.31,12348.8
31.32,12358.6
31.33,12368.5
31.34,12378.4
31.35,12388.3
31.36,12398.1
31.37,12408
31.38,12417.9
31.39,12427.8
31.4,12437.7
31.41,12447.6
31.42,12457.5
31.43,12467.4
31.44,12477.3
31.45,12487.2
31.46,12497.2
31.47,12507.1
31.48,12517
31.49,12527
31.5,12536.9
31.51,12546.9
31.52,12556.8
31.53,12566.8
31.54,12576.7
31.55,12586.7
31.56,12596.7
31.57,12606.7
31.58,12616.6
31.59,12626.6
31.6,12636.6
31.61,12646.6
31.62,12656.6
31.63,12666.6
31.64,12676.6
31.65,12686.7
31.66,12696.7
31.67,12706.7
31.68,12716.7
31.69,12726.8
31.7,12736.8
31.71,12746.8
31.72,12756.9
31.73,12767
31.74,12777
31.75,12787.1
31.76,12797.1
31.77,12807.2
31.78,12817.3
31.79,12827.4
31.8,12837.5
31.81,12847.6
31.82,12857.6
31.83,12867.7
31.84,12877.9
31.85,12888
31.86,12898.1
31.87,12908.2
31.88,12918.3
31.89,12928.5
31.9,12938.6
31.91,12948.7
31.92,12958.9
31.93,12969
31.94,12979.2
31.95,12989.3
31.96,12999.5
31.97,13009.7
31.98,13019.8
31.99,13030
32,13040.2
32.01,13050.4
32.02,13060.6
32.03,13070.8
32.04,13081
32.05,13091.2
32.06,13101.4
32.07,13111.6
32.08,13121.8
32.09,13132
32.1,13142.3
32.11,13152.5
32.12,13162.8
32.13,13173
32.14,13183.2
32.15,13193.5
32.16,13203.8
32.17,13214
32.18,13224.3
32.19,13234.6
32.2,13244.8
32.21,13255.1
32.22,13265.4
32.23,13275.7
32.24,13286
32.25,13296.3
32.26,13306.6
32.27,13316.9
32.28,13327.2
32.29,13337.6
32.3,13347.9
32.31,13358.2
32.32,13368.5
32.33,13378.9
32.34,13389.2
32.35,13399.6
32.36,13409.9
32.37,13420.3
32.38,13430.7
32.39,13441
32.4,13451.4
32.41,13461.8
32.42,13472.2
32.43,13482.5
32.44,13492.9
32.45,13503.3
32.46,13513.7
32.47,13524.1
32.48,13534.6
32.49,13545
32.5,13555.4
32.51,13565.8
32.52,13576.3
32.53,13586.7
32.54,13597.1
32.55,13607.6
32.56,13618
32.57,13628.5
32.58,13638.9
32.59,13649.4
32.6,13659.9
32.61,13670.4
32.62,13680.8
32.63,13691.3
32.64,13701.8
32.65,13712.3
32.66,13722.8
32.67,13733.3
32.68,13743.8
32.69,13754.3
32.7,13764.8
32.71,13775.4
32.72,13785.9
32.73,13796.4
32.74,13807
32.75,13817.5
32.76,13828.1
32.77,13838.6
32.78,13849.2
32.79,13859.7
32.8,13870.3
32.81,13880.9
32.82,13891.4
32.83,13902
32.84,13912.6
32.85,13923.2
32.86,13933.8
32.87,13944.4
32.88,13955
32.89,13965.6
32.9,13976.2
32.91,13986.8
32.92,13997.5
32.93,14008.1
32.94,14018.7
32.95,14029.4
32.96,14040
32.97,14050.7
32.98,14061.3
32.99,14072
33,14082.6
33.01,14093.3
33.02,14104
33.03,14114.6
33.04,14125.3
33.05,14136
33.06,14146.7
33.07,14157.4
33.08,14168.1
33.09,14178.8
33.1,14189.5
33.11,14200.2
33.12,14211
33.13,14221.7
33.14,14232.4
33.15,14243.2
33.16,14253.9
33.17,14264.6
33.18,14275.4
33.19,14286.1
33.2,14296.9
33.21,14307.7
33.22,14318.4
33.23,14329.2
33.24,14340
33.25,14350.8
33.26,14361.6
33.27,14372.4
33.28,14383.2
33.29,14394
33.3,14404.8
33.31,14415.6
33.32,14426.4
33.33,14437.2
33.34,14448.1
33.35,14458.9
33.36,14469.7
33.37,14480.6
33.38,14491.4
33.39,14502.3
33.4,14513.1
33.41,14524
33.42,14534.9
33.43,14545.7
33.44,14556.6
33.45,14567.5
33.46,14578.4
33.47,14589.3
33.48,14600.2
33.49,14611.1
33.5,14622
33.51,14632.9
33.52,14643.8
33.53,14654.7
33.54,14665.6
33.55,14676.6
33.56,14687.5
33.57,14698.5
33.58,14709.4
33.59,14720.3
33.6,14731.3
33.61,14742.3
33.62,14753.2
33.63,14764.2
33.64,14775.2
33.65,14786.2
33.66,14797.1
33.67,14808.1
33.68,14819.1
33.69,14830.1
33.7,14841.1
33.71,14852.1
33.72,14863.1
33.73,14874.2
33.74,14885.2
33.75,14896.2
33.76,14907.3
33.77,14918.3
33.78,14929.3
33.79,14940.4
33.8,14951.4
33.81,14962.5
33.82,14973.6
33.83,14984.6
33.84,14995.7
33.85,15006.8
33.86,15017.9
33.87,15028.9
33.88,15040
33.89,15051.1
33.9,15062.2
33.91,15073.3
33.92,15084.5
33.93,15095.6
33.94,15106.7
33.95,15117.8
33.96,15128.9
33.97,15140.1
33.98,15151.2
33.99,15162.4
34,15173.5
34.01,15184.7
34.02,15195.8
34.03,15207
34.04,15218.2
34.05,15229.4
34.06,15240.5
34.07,15251.7
34.08,15262.9
34.09,15274.1
34.1,15285.3
34.11,15296.5
34.12,15307.7
34.13,15318.9
34.14,15330.2
34.15,15341.4
34.16,15352.6
34.17,15363.8
34.18,15375.1
34.19,15386.3
34.2,15397.6
34.21,15408.8
34.22,15420.1
34.23,15431.4
34.24,15442.6
34.25,15453.9
34.26,15465.2
34.27,15476.5
34.28,15487.8
34.29,15499.1
34.3,15510.4
34.31,15521.7
34.32,15533
34.33,15544.3
34.34,15555.6
34.35,15566.9
34.36,15578.3
34.37,15589.6
34.38,15600.9
34.39,15612.3
34.4,15623.6
34.41,15635
34.42,15646.3
34.43,15657.7
34.44,15669.1
34.45,15680.4
34.46,15691.8
34.47,15703.2
34.48,15714.6
34.49,15726
34.5,15737.4
34.51,15748.8
34.52,15760.2
34.53,15771.6
34.54,15783
34.55,15794.4
34.56,15805.9
34.57,15817.3
34.58,15828.7
34.59,15840.2
34.6,15851.6
34.61,15863.1
34.62,15874.5
34.63,15886
34.64,15897.5
34.65,15908.9
34.66,15920.4
34.67,15931.9
34.68,15943.4
34.69,15954.9
34.7,15966.4
34.71,15977.9
34.72,15989.4
34.73,16000.9
34.74,16012.4
34.75,16023.9
34.76,16035.5
34.77,16047
34.78,16058.5
34.79,16070.1
34.8,16081.6
34.81,16093.2
34.82,16104.7
34.83,16116.3
34.84,16127.9
34.85,16139.4
34.86,16151
34.87,16162.6
34.88,16174.2
34.89,16185.8
34.9,16197.4
34.91,16209
34.92,16220.6
34.93,16232.2
34.94,16243.8
34.95,16255.4
34.96,16267.1
34.97,16278.7
34.98,16290.3
34.99,16302
35,16313.6
35.01,16325.3
35.02,16336.9
35.03,16348.6
35.04,16360.3
35.05,16371.9
35.06,16383.6
35.07,16395.3
35.08,16407
35.09,16418.7
35.1,16430.4
35.11,16442.1
35.12,16453.8
35.13,16465.5
35.14,16477.2
35.15,16488.9
35.16,16500.6
35.17,16512.4
35.18,16524.1
35.19,16535.9
35.2,16547.6
35.21,16559.3
35.22,16571.1
35.23,16582.9
35.24,16594.6
35.25,16606.4
35.26,16618.2
35.27,16630
35.28,16641.8
35.29,16653.5
35.3,16665.3
35.31,16677.1
35.32,16688.9
35.33,16700.8
35.34,16712.6
35.35,16724.4
35.36,16736.2
35.37,16748.1
35.38,16759.9
35.39,16771.7
35.4,16783.6
35.41,16795.4
35.42,16807.3
35.43,16819.2
35.44,16831
35.45,16842.9
35.46,16854.8
35.47,16866.7
35.48,16878.5
35.49,16890.4
35.5,16902.3
35.51,16914.2
35.52,16926.1
35.53,16938.1
35.54,16950
35.55,16961.9
35.56,16973.8
35.57,16985.8
35.58,16997.7
35.59,17009.6
35.6,17021.6
35.61,17033.5
35.62,17045.5
35.63,17057.5
35.64,17069.4
35.65,17081.4
35.66,17093.4
35.67,17105.4
35.68,17117.3
35.69,17129.3
35.7,17141.3
35.71,17153.3
35.72,17165.3
35.73,17177.4
35.74,17189.4
35.75,17201.4
35.76,17213.4
35.77,17225.5
35.78,17237.5
35.79,17249.5
35.8,17261.6
35.81,17306.54
35.82,17318.62
35.83,17330.71
35.84,17342.81
35.85,17354.91
35.86,17367.01
35.87,17379.12
35.88,17391.24
35.89,17403.36
35.9,17415.48
35.91,17427.61
35.92,17439.75
35.93,17451.89
35.94,17464.03
35.95,17476.19
35.96,17488.34
35.97,17500.5
35.98,17512.67
35.99,17524.84
36,17537.01
36.01,17549.2
36.02,17561.38
36.03,17573.57
36.04,17585.77
36.05,17597.97
36.06,17610.18
36.07,17622.39
36.08,17634.6
36.09,17646.83
36.1,17659.05
36.11,17671.28
36.12,17683.52
36.13,17695.76
36.14,17708.01
36.15,17720.26
36.16,17732.52
36.17,17744.78
36.18,17757.05
36.19,17769.32
36.2,17781.6
36.21,17793.88
36.22,17806.17
36.23,17818.46
36.24,17830.76
36.25,17843.06
36.26,17855.37
36.27,17867.69
36.28,17880
36.29,17892.33
36.3,17904.66
36.31,17916.99
36.32,17929.33
36.33,17941.67
36.34,17954.02
36.35,17966.37
36.36,17978.73
36.37,17991.1
36.38,18003.47
36.39,18015.84
36.4,18028.22
36.41,18040.61
36.42,18052.99
36.43,18065.39
36.44,18077.79
36.45,18090.19
36.46,18102.6
36.47,18115.02
36.48,18127.44
36.49,18139.87
36.5,18152.3
36.51,18164.73
36.52,18177.17
36.53,18189.62
36.54,18202.07
36.55,18214.53
36.56,18226.99
36.57,18239.45
36.58,18251.92
36.59,18264.4
36.6,18276.88
36.61,18289.37
36.62,18301.86
36.63,18314.36
36.64,18326.86
36.65,18339.37
36.66,18351.88
36.67,18364.4
36.68,18376.92
36.69,18389.45
36.7,18401.98
36.71,18414.52
36.72,18427.06
36.73,18439.61
36.74,18452.16
36.75,18464.72
36.76,18477.29
36.77,18489.85
36.78,18502.43
36.79,18515.01
36.8,18527.59
36.81,18540.18
36.82,18552.77
36.83,18565.37
36.84,18577.98
36.85,18590.59
36.86,18603.2
36.87,18615.82
36.88,18628.45
36.89,18641.08
36.9,18653.71
36.91,18666.35
36.92,18679
36.93,18691.65
36.94,18704.31
36.95,18716.97
36.96,18729.63
36.97,18742.31
36.98,18754.98
36.99,18767.66
37,18780.35
37.01,18793.04
37.02,18805.74
37.03,18818.44
37.04,18831.15
37.05,18843.86
37.06,18856.58
37.07,18869.3
37.08,18882.03
37.09,18894.76
37.1,18907.5
37.11,18920.21143
37.12,18932.93643
37.13,18945.66143
37.14,18958.38643
37.15,18971.11143
37.16,18983.83643
37.17,18996.56143
37.18,19009.28643
37.19,19022.01143
37.2,19034.73643
37.21,19047.46143
37.22,19060.18643
37.23,19072.91143
37.24,19085.63643
37.25,19098.36143
37.26,19111.08643
37.27,19123.81143
37.28,19136.53643
37.29,19149.26143
37.3,19161.98643
37.31,19174.71143
37.32,19187.43643
37.33,19200.16143
37.34,19212.88643
37.35,19225.61143
37.36,19238.33643
37.37,19251.06143
37.38,19263.78643
37.39,19276.51143
37.4,19289.23643
37.41,19301.96143
37.42,19314.68643
37.43,19327.41143
37.44,19340.13643
37.45,19352.86143
37.46,19365.58643
37.47,19378.31143
37.48,19391.03643
37.49,19403.76143
37.5,19416.48643
